id,name,name_zh,short_name,category,finish,main,lat,lng,season,radius
empire,Empire State Building,帝國大廈,EMPIRE STATE,places,brass,yes,40.7484,-73.9857,,
centralpark,Central Park,中央公園,CENTRAL PARK,places,brass,yes,40.7740,-73.9709,,
flatiron,Flatiron Building,熨斗大廈,FLATIRON,places,brass,yes,40.7411,-73.9897,,
rockefeller,Rockefeller Center,洛克斐勒中心,ROCKEFELLER,places,brass,yes,40.7587,-73.9787,,
radiocity,Radio City Music Hall,無線電城音樂廳,RADIO CITY,places,brass,yes,40.7600,-73.9800,,
yankee,Yankee Stadium,洋基球場,YANKEE STADIUM,places,brass,yes,40.8296,-73.9262,,
libertystatue,Statue of Liberty,自由女神像,LADY LIBERTY,places,brass,yes,40.6892,-74.0445,,1200
met,The Met,大都會博物館,THE MET,places,brass,yes,40.7794,-73.9632,,
brooklynbridge,Brooklyn Bridge,布魯克林大橋,BROOKLYN BRIDGE,places,brass,yes,40.7061,-73.9969,,
stpatricks,St. Patrick's Cathedral,聖派翠克大教堂,ST PATRICK'S,places,brass,yes,40.7585,-73.9760,,
grandcentral,Grand Central Terminal,中央車站,GRAND CENTRAL,places,brass,yes,40.7527,-73.9772,,
wallstreet,Wall Street,華爾街,WALL STREET,places,brass,yes,40.7069,-74.0113,,
dumbo,Dumbo,丹波 DUMBO,DUMBO,places,brass,yes,40.7033,-73.9894,,
chinatown,Chinatown,中國城,CHINATOWN,places,brass,yes,40.7158,-73.9970,,
timessquare,Times Square,時報廣場,TIMES SQUARE,places,nickel,no,40.7580,-73.9855,,
washsq,Washington Square Arch,華盛頓廣場拱門,WASHINGTON SQ,places,nickel,no,40.7308,-73.9973,,
katz,Katz's Delicatessen,Katz's 熟食店,KATZ'S,food,copper,no,40.7223,-73.9874,,
rocktree,Rockefeller Center Tree,洛克菲勒聖誕樹,CHRISTMAS TREE,places,iris,no,40.7587,-73.9787,11-25~01-06,
bryantpark,Bryant Park,布萊恩公園,BRYANT PARK,places,nickel,no,40.7536,-73.9832,,
whitney,Whitney Museum,惠特尼美術館,WHITNEY,places,nickel,no,40.7396,-74.0089,,
guggenheim,Guggenheim,古根漢美術館,GUGGENHEIM,places,nickel,no,40.7830,-73.9590,,
lincolncenter,Lincoln Center,林肯中心,LINCOLN CENTER,places,nickel,no,40.7725,-73.9835,,
chrysler,Chrysler Building,克萊斯勒大廈,CHRYSLER,places,nickel,no,40.7516,-73.9755,,
wtc,World Trade Center,世界貿易中心,WORLD TRADE,places,nickel,no,40.7127,-74.0134,,
littleisland,Little Island,小島公園,LITTLE ISLAND,places,nickel,no,40.7420,-74.0100,,
coneyisland,Coney Island,康尼島,CONEY ISLAND,places,nickel,no,40.5749,-73.9787,,400
brooklynmuseum,Brooklyn Museum,布魯克林博物館,BKLYN MUSEUM,places,nickel,no,40.6712,-73.9636,,
apollo,Apollo Theater,阿波羅劇院,APOLLO,places,nickel,no,40.8100,-73.9500,,
wollmanrink,Wollman Rink,中央公園溜冰場,WOLLMAN RINK,places,iris,no,40.7686,-73.9740,10-22~03-01,
wintervillage,Bryant Park Winter Village,冬季村溜冰場,WINTER VILLAGE,places,iris,no,40.7536,-73.9832,10-25~03-01,
halloween,Village Halloween Parade,萬聖節遊行,HALLOWEEN,places,iris,no,40.7338,-73.9993,10-31~10-31,400
thanksgiving,Macy's Thanksgiving Parade,梅西感恩節遊行,THANKSGIVING,places,iris,no,40.7508,-73.9890,11-20~11-28,400
cherryblossom,Brooklyn Botanic Cherry Blossoms,布魯克林植物園櫻花,CHERRY BLOSSOM,places,iris,no,40.6676,-73.9632,04-01~04-30,300
shakespeare,Shakespeare in the Park,莎士比亞公園劇場,SHAKESPEARE,places,iris,no,40.7799,-73.9688,06-01~08-31,
marathon,NYC Marathon,紐約馬拉松,NYC MARATHON,places,iris,no,40.7716,-73.9765,11-01~11-07,400
usopen,US Open,美國網球公開賽,US OPEN,places,iris,no,40.7500,-73.8451,08-24~09-07,400
pride,Pride March,驕傲遊行,PRIDE,places,iris,no,40.7336,-74.0027,06-24~06-30,400
dykerlights,Dyker Heights Christmas Lights,戴克高地聖誕燈飾,DYKER LIGHTS,places,iris,no,40.6210,-74.0152,12-01~12-31,400
